AV_ID,AV_PID,TITLE,GIVEN_NAME,MIDDLE_NAME,FAMILY_NAME,OCCUPATION,OCC_START,TITLE_P,GIVEN_NAME_P,MIDDLE_NAME_P,FAMILY_NAME_P,NAME,NI_NO
AVCO101,AVP0101,Miss,Vivian ,,Murray,Payroll Manager,28/11/2015,Miss,Vivian ,,Murray,Vivian Murray,CL010101A
AVCO101,AVP0102,Mr,Noel ,,Clark,Sales Director,15/11/1996,Mr,Noel ,,Clark,Noel Clark,CL010102A
AVCO101,AVP0103,Dr,Marshall ,,Rodgers,Data Scientist,13/11/2005,Dr,Marshall ,,Rodgers,Marshall Rodgers,CL010103A
AVCO101,AVP0104,Mr,Floyd ,,Dawson,Sales Director,23/04/2006,Mr,Floyd ,,Dawson,Floyd Dawson,CL010104A
AVCO101,AVP0105,Mr,Kenneth ,,Hernandez,Graphic Designer,09/10/1999,Mr,Kenneth ,,Hernandez,Kenneth Hernandez,CL010105A
AVCO102,AVP0106,Mr,Scott ,,Schmidt,Facilities Manager,16/03/2000,Mr,Scott ,,Schmidt,Scott Schmidt,
AVCO102,AVP0107,Mrs,Judy ,,Reynolds,Payroll Manager,09/04/2001,Mrs,Judy ,,Reynolds,Judy Reynolds,
AVCO102,AVP0108,Mr,Michael,,Doyle,Personal Assistant,13/05/2013,Mr,Mike ,,Doyle,Mike Doyle,
AVCO102,AVP0109,Mrs,Jody ,,Wood,Cleaner,23/03/1997,Mrs,Jody ,,Wood,Jody Wood,
AVCO102,AVP0110,Mr,Dominick ,,Mclaughlin,Statistician,23/12/2010,Mr,Dominick ,,Mclaughlin,Dominick Mclaughlin,
AVCO103,AVP0111,Ms,Eloise ,,Wise,Data Scientist,21/02/2009,Ms,Eloise ,,Wise,Eloise Wise,
AVCO103,AVP0112,Miss,Jeanette ,,Massey,Receptionist,01/07/1994,Miss,Jeanette ,,Massey,Jeanette Massey,
AVCO103,AVP0113,Mr,Andrew ,,Lee,Scrum Master,08/09/2009,Mr,Andrew ,,Lee,Andrew Lee,
AVCO103,AVP0114,Dr,Kyle ,,Ortega,Medical Doctor,27/10/2003,Dr,Kyle ,,Ortega,Kyle Ortega,
AVCO103,AVP0115,Ms,Monica ,,Morgan,Payroll Manager,24/05/1999,Ms,Monica ,,Morgan,Monica Morgan,
AVCO104,AVP0116,Mr,James,,Reid,Data Scientist,09/12/1992,Mr,Jimmie ,,Reid,Jimmie Reid,
AVCO104,AVP0117,Mr,Carlos ,,Underwood,Sales Director,24/10/1990,Mr,Carlos ,,Underwood,Carlos Underwood,
AVCO104,AVP0118,Mr,Seth ,,Mcguire,Payroll Manager,11/06/1994,Mr,Seth ,,Mcguire,Seth Mcguire,
AVCO104,AVP0119,Mrs,Leigh ,,Frazier,Administrator,06/12/2011,Mrs,Leigh ,,Frazier,Leigh Frazier,
AVCO104,AVP0120,Mrs,Ada ,,Rowe,Cleaner,26/10/2014,Mrs,Ada ,,Rowe,Ada Rowe,
AVCO105,AVP0121,Miss,Natalie ,,Carson,Personal Assistant,22/07/2005,Miss,Natalie ,,Carson,Natalie Carson,
AVCO105,AVP0122,Miss,Tamara ,,Hayes,Payroll Manager,05/11/2014,Miss,Tamara ,,Hayes,Tamara Hayes,
AVCO105,AVP0123,Mrs,Olga ,,Kelley,Researcher,18/10/1992,Mrs,Olga ,,Kelley,Olga Kelley,
AVCO105,AVP0124,Mr,Gustavo ,,Lewis,Researcher,07/04/1993,Mr,Gustavo ,,Lewis,Gustavo Lewis,
AVCO105,AVP0125,Mr,Timothy,,Hart,Consultant,27/07/2007,Mr,Tim ,,Hart,Tim Hart,
